{"sources":[{"balance":0.5,"deinterlace_field_order":0,"deinterlace_mode":0,"enabled":true,"flags":0,"hotkeys":{"libobs.mute":[],"libobs.push-to-mute":[],"libobs.push-to-talk":[],"libobs.unmute":[]},"id":"wasapi_output_capture","mixers":255,"monitoring_type":0,"muted":false,"name":"2 Sortie Casque USB","prev_ver":469762051,"private_settings":{"volume_locked":false},"push-to-mute":false,"push-to-mute-delay":0,"push-to-talk":false,"push-to-talk-delay":0,"settings":{"device_id":"alsa_output.usb-0c76_USB_PnP_Audio_Device-00.analog-stereo.monitor"},"sync":0,"versioned_id":"wasapi_output_capture","volume":0.85925406217575073},{"balance":0.5,"deinterlace_field_order":0,"deinterlace_mode":0,"enabled":true,"filters":[{"balance":0.5,"deinterlace_field_order":0,"deinterlace_mode":0,"enabled":true,"flags":0,"hotkeys":{},"id":"noise_suppress_filter","mixers":255,"monitoring_type":0,"muted":false,"name":"Suppression du bruit","prev_ver":469762051,"private_settings":{},"push-to-mute":false,"push-to-mute-delay":0,"push-to-talk":false,"push-to-talk-delay":0,"settings":{"method":"rnnoise","suppress_level":-38},"sync":0,"versioned_id":"noise_suppress_filter","volume":1.0},{"balance":0.5,"deinterlace_field_order":0,"deinterlace_mode":0,"enabled":false,"flags":0,"hotkeys":{},"id":"vst_filter","mixers":255,"monitoring_type":0,"muted":false,"name":"VST Reagate sa","prev_ver":469762051,"private_settings":{},"push-to-mute":false,"push-to-mute-delay":0,"push-to-talk":false,"push-to-talk-delay":0,"settings":{"chunk_data":"","chunk_hash":"","open_when_active_vst_settings":false,"plugin_path":"/usr/lib/lxvst/helm.so"},"sync":0,"versioned_id":"vst_filter","volume":1.0},{"balance":0.5,"deinterlace_field_order":0,"deinterlace_mode":0,"enabled":true,"flags":0,"hotkeys":{},"id":"compressor_filter","mixers":255,"monitoring_type":0,"muted":false,"name":"Compresseur","prev_ver":469762051,"private_settings":{},"push-to-mute":false,"push-to-mute-delay":0,"push-to-talk":false,"push-to-talk-delay":0,"settings":{"attack_time":1,"output_gain":3,"ratio":3,"release_time":1,"sidechain_source":"none","threshold":-20},"sync":0,"versioned_id":"compressor_filter","volume":1.0},{"balance":0.5,"deinterlace_field_order":0,"deinterlace_mode":0,"enabled":false,"flags":0,"hotkeys":{},"id":"noise_gate_filter","mixers":255,"monitoring_type":0,"muted":false,"name":"Noise Gate","prev_ver":469762051,"private_settings":{},"push-to-mute":false,"push-to-mute-delay":0,"push-to-talk":false,"push-to-talk-delay":0,"settings":{},"sync":0,"versioned_id":"noise_gate_filter","volume":1.0}],"flags":0,"hotkeys":{"libobs.mute":[],"libobs.push-to-mute":[],"libobs.push-to-talk":[],"libobs.unmute":[]},"id":"wasapi_input_capture","mixers":255,"monitoring_type":0,"muted":false,"name":"1 MicroCasqueUSB","prev_ver":469762051,"private_settings":{"volume_locked":false},"push-to-mute":false,"push-to-mute-delay":0,"push-to-talk":false,"push-to-talk-delay":0,"settings":{"device_id":"alsa_input.usb-0c76_USB_PnP_Audio_Device-00.analog-mono"},"sync":0,"versioned_id":"wasapi_input_capture","volume":0.50602555274963379},{"balance":0.5,"deinterlace_field_order":0,"deinterlace_mode":0,"enabled":true,"flags":0,"hotkeys":{"libobs.hide_scene_item.1 MicroCasqueUSB":[],"libobs.hide_scene_item.2 Sortie Casque USB":[],"libobs.show_scene_item.1 MicroCasqueUSB":[],"libobs.show_scene_item.2 Sortie Casque USB":[]},"id":"group","mixers":0,"monitoring_type":0,"muted":false,"name":"Sound","prev_ver":469762051,"private_settings":{},"push-to-mute":false,"push-to-mute-delay":0,"push-to-talk":false,"push-to-talk-delay":0,"settings":{"custom_size":true,"cx":0,"cy":0,"id_counter":0,"items":[{"align":5,"blend_method":"default","blend_type":"normal","bounds":{"x":0.0,"y":0.0},"bounds_align":0,"bounds_type":0,"crop_bottom":0,"crop_left":0,"crop_right":0,"crop_top":0,"group_item_backup":false,"hide_transition":{"duration":0},"id":10,"locked":false,"name":"2 Sortie Casque USB","pos":{"x":0.0,"y":0.0},"private_settings":{},"rot":0.0,"scale":{"x":1.0,"y":1.0},"scale_filter":"disable","show_transition":{"duration":0},"visible":true},{"align":5,"blend_method":"default","blend_type":"normal","bounds":{"x":0.0,"y":0.0},"bounds_align":0,"bounds_type":0,"crop_bottom":0,"crop_left":0,"crop_right":0,"crop_top":0,"group_item_backup":false,"hide_transition":{"duration":0},"id":9,"locked":false,"name":"1 MicroCasqueUSB","pos":{"x":0.0,"y":0.0},"private_settings":{},"rot":0.0,"scale":{"x":1.0,"y":1.0},"scale_filter":"disable","show_transition":{"duration":0},"visible":true}]},"sync":0,"versioned_id":"group","volume":1.0},{"balance":0.5,"deinterlace_field_order":0,"deinterlace_mode":0,"enabled":true,"flags":0,"hotkeys":{"MediaSource.Pause":[],"MediaSource.Play":[],"MediaSource.Restart":[],"MediaSource.Stop":[],"libobs.mute":[],"libobs.push-to-mute":[],"libobs.push-to-talk":[],"libobs.unmute":[]},"id":"ffmpeg_source","mixers":255,"monitoring_type":0,"muted":true,"name":"Pexels_Videos_2646392.mp4","prev_ver":469762051,"private_settings":{"mixer_hidden":true},"push-to-mute":false,"push-to-mute-delay":0,"push-to-talk":false,"push-to-talk-delay":0,"settings":{"clear_on_media_end":false,"hw_decode":true,"local_file":"C:/Users/FiercePC/Pictures/OBS/UnityStation-Scene/Pexels_Videos_2646392.mp4","looping":true},"sync":0,"versioned_id":"ffmpeg_source","volume":1.0},{"balance":0.5,"deinterlace_field_order":0,"deinterlace_mode":0,"enabled":true,"filters":[{"balance":0.5,"deinterlace_field_order":0,"deinterlace_mode":0,"enabled":true,"flags":0,"hotkeys":{},"id":"sharpness_filter","mixers":0,"monitoring_type":0,"muted":false,"name":"Accentuer","prev_ver":469762051,"private_settings":{},"push-to-mute":false,"push-to-mute-delay":0,"push-to-talk":false,"push-to-talk-delay":0,"settings":{"sharpness":0.080000000000000002},"sync":0,"versioned_id":"sharpness_filter_v2","volume":1.0},{"balance":0.5,"deinterlace_field_order":0,"deinterlace_mode":0,"enabled":true,"flags":0,"hotkeys":{},"id":"chroma_key_filter","mixers":0,"monitoring_type":0,"muted":false,"name":"Incrustation par chrominance (Chroma Key)","prev_ver":469762051,"private_settings":{},"push-to-mute":false,"push-to-mute-delay":0,"push-to-talk":false,"push-to-talk-delay":0,"settings":{"brightness":0,"contrast":0,"gamma":0,"similarity":396,"smoothness":97,"spill":1},"sync":0,"versioned_id":"chroma_key_filter_v2","volume":1.0},{"balance":0.5,"deinterlace_field_order":0,"deinterlace_mode":0,"enabled":true,"flags":0,"hotkeys":{},"id":"color_key_filter","mixers":0,"monitoring_type":0,"muted":false,"name":"Incrustation par couleur","prev_ver":469762051,"private_settings":{},"push-to-mute":false,"push-to-mute-delay":0,"push-to-talk":false,"push-to-talk-delay":0,"settings":{"brightness":0,"contrast":0.13,"gamma":0.14000000000000001,"similarity":636,"smoothness":254},"sync":0,"versioned_id":"color_key_filter_v2","volume":1.0},{"balance":0.5,"deinterlace_field_order":0,"deinterlace_mode":0,"enabled":true,"flags":0,"hotkeys":{},"id":"crop_filter","mixers":0,"monitoring_type":0,"muted":false,"name":"Rogner / Encadrer","prev_ver":469762051,"private_settings":{},"push-to-mute":false,"push-to-mute-delay":0,"push-to-talk":false,"push-to-talk-delay":0,"settings":{"left":582,"right":232,"top":77},"sync":0,"versioned_id":"crop_filter","volume":1.0},{"balance":0.5,"deinterlace_field_order":0,"deinterlace_mode":0,"enabled":true,"flags":0,"hotkeys":{},"id":"color_filter","mixers":0,"monitoring_type":0,"muted":false,"name":"Corrections colorimétrique","prev_ver":469762051,"private_settings":{},"push-to-mute":false,"push-to-mute-delay":0,"push-to-talk":false,"push-to-talk-delay":0,"settings":{"brightness":-0.034500000000000003,"contrast":0.029999999999999999,"gamma":-0.059999999999999998,"hue_shift":1.02,"opacity":0.99970000000000003,"saturation":-0.20999999999999999},"sync":0,"versioned_id":"color_filter_v2","volume":1.0}],"flags":0,"hotkeys":{"libobs.mute":[],"libobs.push-to-mute":[],"libobs.push-to-talk":[],"libobs.unmute":[]},"id":"dshow_input","mixers":0,"monitoring_type":0,"muted":false,"name":"WebCam-unity","prev_ver":469762051,"private_settings":{},"push-to-mute":false,"push-to-mute-delay":0,"push-to-talk":false,"push-to-talk-delay":0,"settings":{"Backlight Compensation":0,"Brightness":35,"Contrast":52,"Exposure (Absolute)":710,"Exposure, Auto":3,"Exposure, Auto Priority":false,"Exposure, Dynamic Framerate":true,"Focus, Auto":true,"Focus, Automatic Continuous":true,"Gamma":243,"Hue":0,"Power Line Frequency":1,"Saturation":81,"Sharpness":57,"White Balance Temperature":5690,"White Balance Temperature, Auto":true,"White Balance, Automatic":true,"auto_reset":false,"buffering":true,"color_range":2,"device_id":"/dev/video3","dv_timing":-1,"framerate":65566,"input":0,"pixelformat":861030210,"resolution":125830200,"standard":-1,"timeout_frames":7},"sync":0,"versioned_id":"dshow_input","volume":1.0},{"balance":0.5,"deinterlace_field_order":0,"deinterlace_mode":0,"enabled":true,"flags":0,"hotkeys":{},"id":"image_source","mixers":0,"monitoring_type":0,"muted":false,"name":"UnityLogo.png","prev_ver":469762051,"private_settings":{},"push-to-mute":false,"push-to-mute-delay":0,"push-to-talk":false,"push-to-talk-delay":0,"settings":{"file":"C:/Users/FiercePC/Pictures/OBS/UnityStation-Scene/UnityLogo.png"},"sync":0,"versioned_id":"image_source","volume":1.0},{"balance":0.5,"deinterlace_field_order":0,"deinterlace_mode":0,"enabled":true,"flags":0,"hotkeys":{},"id":"image_source","mixers":0,"monitoring_type":0,"muted":false,"name":"windows.png","prev_ver":469762051,"private_settings":{},"push-to-mute":false,"push-to-mute-delay":0,"push-to-talk":false,"push-to-talk-delay":0,"settings":{"file":"C:/Users/FiercePC/Pictures/OBS/UnityStation-Scene/windows.png"},"sync":0,"versioned_id":"image_source","volume":1.0},{"balance":0.5,"deinterlace_field_order":0,"deinterlace_mode":0,"enabled":true,"flags":0,"hotkeys":{},"id":"image_source","mixers":0,"monitoring_type":0,"muted":false,"name":"Unitytitle.png","prev_ver":469762051,"private_settings":{},"push-to-mute":false,"push-to-mute-delay":0,"push-to-talk":false,"push-to-talk-delay":0,"settings":{"file":"C:/Users/FiercePC/Pictures/OBS/UnityStation-Scene/Unitytitle.png"},"sync":0,"versioned_id":"image_source","volume":1.0},{"balance":0.5,"deinterlace_field_order":0,"deinterlace_mode":0,"enabled":true,"flags":0,"hotkeys":{},"id":"text_gdiplus","mixers":0,"monitoring_type":0,"muted":false,"name":"Twitch - Personnage","prev_ver":469762051,"private_settings":{},"push-to-mute":false,"push-to-mute-delay":0,"push-to-talk":false,"push-to-talk-delay":0,"settings":{"color1":4294967295,"color2":4288651167,"custom_width":0,"drop_shadow":true,"font":{"face":"Ubuntu","flags":0,"size":256,"style":"Regular"},"outline":true,"text":"Twitch - Job - Name","word_wrap":false},"sync":0,"versioned_id":"text_gdiplus_v2","volume":1.0},{"balance":0.5,"deinterlace_field_order":0,"deinterlace_mode":0,"enabled":true,"filters":[{"balance":0.5,"deinterlace_field_order":0,"deinterlace_mode":0,"enabled":true,"flags":0,"hotkeys":{},"id":"crop_filter","mixers":0,"monitoring_type":0,"muted":false,"name":"Rogner / Encadrer","prev_ver":469762051,"private_settings":{},"push-to-mute":false,"push-to-mute-delay":0,"push-to-talk":false,"push-to-talk-delay":0,"settings":{"bottom":233,"left":262,"right":261,"top":298},"sync":0,"versioned_id":"crop_filter","volume":1.0},{"balance":0.5,"deinterlace_field_order":0,"deinterlace_mode":0,"enabled":true,"flags":0,"hotkeys":{},"id":"sharpness_filter","mixers":0,"monitoring_type":0,"muted":false,"name":"Accentuer","prev_ver":469762051,"private_settings":{},"push-to-mute":false,"push-to-mute-delay":0,"push-to-talk":false,"push-to-talk-delay":0,"settings":{"sharpness":1},"sync":0,"versioned_id":"sharpness_filter_v2","volume":1.0}],"flags":0,"hotkeys":{},"id":"image_source","mixers":0,"monitoring_type":0,"muted":false,"name":"Hat","prev_ver":469762051,"private_settings":{},"push-to-mute":false,"push-to-mute-delay":0,"push-to-talk":false,"push-to-talk-delay":0,"settings":{"file":"C:/Users/FiercePC/Pictures/OBS/UnityStation-Scene/hats.png"},"sync":0,"versioned_id":"image_source","volume":1.0},{"balance":0.5,"deinterlace_field_order":0,"deinterlace_mode":0,"enabled":true,"filters":[{"balance":0.5,"deinterlace_field_order":0,"deinterlace_mode":0,"enabled":true,"flags":0,"hotkeys":{},"id":"crop_filter","mixers":0,"monitoring_type":0,"muted":false,"name":"Rogner / Encadrer","prev_ver":469762051,"private_settings":{},"push-to-mute":false,"push-to-mute-delay":0,"push-to-talk":false,"push-to-talk-delay":0,"settings":{"bottom":433,"left":417,"right":675,"top":566},"sync":0,"versioned_id":"crop_filter","volume":1.0},{"balance":0.5,"deinterlace_field_order":0,"deinterlace_mode":0,"enabled":true,"flags":0,"hotkeys":{},"id":"luma_key_filter","mixers":0,"monitoring_type":0,"muted":false,"name":"Incrustation par luminance (Luma Key)","prev_ver":469762051,"private_settings":{},"push-to-mute":false,"push-to-mute-delay":0,"push-to-talk":false,"push-to-talk-delay":0,"settings":{"luma_max":0.40960000000000002,"luma_max_smooth":1,"luma_min":0,"luma_min_smooth":0},"sync":0,"versioned_id":"luma_key_filter_v2","volume":1.0},{"balance":0.5,"deinterlace_field_order":0,"deinterlace_mode":0,"enabled":true,"flags":0,"hotkeys":{},"id":"color_filter","mixers":0,"monitoring_type":0,"muted":false,"name":"Corrections colorimétrique","prev_ver":469762051,"private_settings":{},"push-to-mute":false,"push-to-mute-delay":0,"push-to-talk":false,"push-to-talk-delay":0,"settings":{"brightness":-0.78100000000000003,"contrast":4,"gamma":3,"saturation":2.7000000000000002},"sync":0,"versioned_id":"color_filter_v2","volume":1.0},{"balance":0.5,"deinterlace_field_order":0,"deinterlace_mode":0,"enabled":true,"flags":0,"hotkeys":{},"id":"sharpness_filter","mixers":0,"monitoring_type":0,"muted":false,"name":"Accentuer","prev_ver":469762051,"private_settings":{},"push-to-mute":false,"push-to-mute-delay":0,"push-to-talk":false,"push-to-talk-delay":0,"settings":{"sharpness":0.059999999999999998},"sync":0,"versioned_id":"sharpness_filter_v2","volume":1.0}],"flags":0,"hotkeys":{"ObsBrowser.Refresh":[],"libobs.mute":[],"libobs.push-to-mute":[],"libobs.push-to-talk":[],"libobs.unmute":[]},"id":"browser_source","mixers":255,"monitoring_type":0,"muted":false,"name":"Heures","prev_ver":469762051,"private_settings":{},"push-to-mute":false,"push-to-mute-delay":0,"push-to-talk":false,"push-to-talk-delay":0,"settings":{"css":"body { background-color: rgba(0, 0, 0, 0); margin: 0px auto; overflow: hidden; }","fps":2,"fps_custom":true,"height":1024,"reroute_audio":false,"restart_when_active":false,"shutdown":false,"url":"https://24timezones.com/Paris/heure","webpage_control_level":1,"width":1280},"sync":0,"versioned_id":"browser_source","volume":1.0},{"balance":0.5,"deinterlace_field_order":0,"deinterlace_mode":0,"enabled":true,"flags":0,"hotkeys":{"libobs.hide_scene_item.Hat":[],"libobs.hide_scene_item.Heures":[],"libobs.hide_scene_item.Pexels_Videos_2646392.mp4":[],"libobs.hide_scene_item.Twitch - Personnage":[],"libobs.hide_scene_item.UnityLogo.png":[],"libobs.hide_scene_item.Unitytitle.png":[],"libobs.hide_scene_item.WebCam-unity":[],"libobs.hide_scene_item.windows.png":[],"libobs.show_scene_item.Hat":[],"libobs.show_scene_item.Heures":[],"libobs.show_scene_item.Pexels_Videos_2646392.mp4":[],"libobs.show_scene_item.Twitch - Personnage":[],"libobs.show_scene_item.UnityLogo.png":[],"libobs.show_scene_item.Unitytitle.png":[],"libobs.show_scene_item.WebCam-unity":[],"libobs.show_scene_item.windows.png":[]},"id":"group","mixers":0,"monitoring_type":0,"muted":false,"name":"Images","prev_ver":469762051,"private_settings":{},"push-to-mute":false,"push-to-mute-delay":0,"push-to-talk":false,"push-to-talk-delay":0,"settings":{"custom_size":true,"cx":1920,"cy":1133,"id_counter":0,"items":[{"align":5,"blend_method":"default","blend_type":"normal","bounds":{"x":0.0,"y":0.0},"bounds_align":0,"bounds_type":0,"crop_bottom":0,"crop_left":0,"crop_right":0,"crop_top":0,"group_item_backup":false,"hide_transition":{"duration":0},"id":2,"locked":true,"name":"Pexels_Videos_2646392.mp4","pos":{"x":0.0,"y":53.0},"private_settings":{},"rot":0.0,"scale":{"x":1.0,"y":1.0},"scale_filter":"disable","show_transition":{"duration":0},"visible":true},{"align":5,"blend_method":"default","blend_type":"normal","bounds":{"x":1920.0,"y":1080.0},"bounds_align":0,"bounds_type":1,"crop_bottom":0,"crop_left":0,"crop_right":0,"crop_top":0,"group_item_backup":false,"hide_transition":{"duration":0},"id":11,"locked":false,"name":"WebCam-unity","pos":{"x":0.0,"y":0.0},"private_settings":{"color":"","color-preset":7},"rot":0.0,"scale":{"x":1.0,"y":1.0},"scale_filter":"disable","show_transition":{"duration":0},"visible":true},{"align":5,"blend_method":"default","blend_type":"normal","bounds":{"x":0.0,"y":0.0},"bounds_align":0,"bounds_type":0,"crop_bottom":0,"crop_left":0,"crop_right":0,"crop_top":0,"group_item_backup":false,"hide_transition":{"duration":0},"id":5,"locked":true,"name":"UnityLogo.png","pos":{"x":1519.500244140625,"y":53.0},"private_settings":{},"rot":0.0,"scale":{"x":0.53565216064453125,"y":0.53496503829956055},"scale_filter":"disable","show_transition":{"duration":0},"visible":true},{"align":5,"blend_method":"default","blend_type":"normal","bounds":{"x":0.0,"y":0.0},"bounds_align":0,"bounds_type":0,"crop_bottom":0,"crop_left":0,"crop_right":0,"crop_top":0,"group_item_backup":false,"hide_transition":{"duration":0},"id":1,"locked":true,"name":"windows.png","pos":{"x":0.0,"y":53.0},"private_settings":{},"rot":0.0,"scale":{"x":1.5,"y":1.5},"scale_filter":"disable","show_transition":{"duration":0},"visible":true},{"align":5,"blend_method":"default","blend_type":"normal","bounds":{"x":0.0,"y":0.0},"bounds_align":0,"bounds_type":0,"crop_bottom":0,"crop_left":0,"crop_right":0,"crop_top":0,"group_item_backup":false,"hide_transition":{"duration":0},"id":6,"locked":true,"name":"Unitytitle.png","pos":{"x":575.0,"y":0.0},"private_settings":{},"rot":0.0,"scale":{"x":1.0,"y":1.0},"scale_filter":"disable","show_transition":{"duration":0},"visible":true},{"align":5,"blend_method":"default","blend_type":"normal","bounds":{"x":0.0,"y":0.0},"bounds_align":0,"bounds_type":0,"crop_bottom":0,"crop_left":0,"crop_right":0,"crop_top":0,"group_item_backup":false,"hide_transition":{"duration":0},"id":7,"locked":true,"name":"Twitch - Personnage","pos":{"x":572.4276123046875,"y":1032.6666259765625},"private_settings":{"color":"","color-preset":3},"rot":0.0,"scale":{"x":0.33397018909454346,"y":0.3333333432674408},"scale_filter":"disable","show_transition":{"duration":0},"visible":true},{"align":5,"blend_method":"default","blend_type":"normal","bounds":{"x":1.0,"y":1.0},"bounds_align":0,"bounds_type":0,"crop_bottom":0,"crop_left":0,"crop_right":0,"crop_top":0,"group_item_backup":false,"hide_transition":{"duration":0},"id":14,"locked":true,"name":"Hat","pos":{"x":837.0,"y":1023.5714111328125},"private_settings":{},"rot":-11.699999809265137,"scale":{"x":6.5757570266723633,"y":6.5714306831359863},"scale_filter":"disable","show_transition":{"duration":0},"visible":true},{"align":5,"blend_method":"default","blend_type":"normal","bounds":{"x":0.0,"y":0.0},"bounds_align":0,"bounds_type":0,"crop_bottom":0,"crop_left":0,"crop_right":0,"crop_top":0,"group_item_backup":false,"hide_transition":{"duration":0},"id":13,"locked":true,"name":"Heures","pos":{"x":168.0,"y":48.0},"private_settings":{},"rot":0.0,"scale":{"x":1.8222222328186035,"y":1.8214285373687744},"scale_filter":"disable","show_transition":{"duration":0},"visible":true}]},"sync":0,"versioned_id":"group","volume":1.0},{"balance":0.5,"deinterlace_field_order":0,"deinterlace_mode":0,"enabled":true,"flags":0,"hotkeys":{"OBSBasic.SelectScene":[],"libobs.hide_scene_item.Images":[],"libobs.hide_scene_item.Sound":[],"libobs.show_scene_item.Images":[],"libobs.show_scene_item.Sound":[]},"id":"scene","mixers":0,"monitoring_type":0,"muted":false,"name":"UnityStation-Linux","prev_ver":469762051,"private_settings":{},"push-to-mute":false,"push-to-mute-delay":0,"push-to-talk":false,"push-to-talk-delay":0,"settings":{"custom_size":false,"id_counter":14,"items":[{"align":5,"blend_method":"default","blend_type":"normal","bounds":{"x":0.0,"y":0.0},"bounds_align":0,"bounds_type":0,"crop_bottom":0,"crop_left":0,"crop_right":0,"crop_top":0,"group_item_backup":true,"hide_transition":{"duration":0},"id":10,"locked":false,"name":"2 Sortie Casque USB","pos":{"x":0.0,"y":0.0},"private_settings":{},"rot":0.0,"scale":{"x":1.0,"y":1.0},"scale_filter":"disable","show_transition":{"duration":0},"visible":true},{"align":5,"blend_method":"default","blend_type":"normal","bounds":{"x":0.0,"y":0.0},"bounds_align":0,"bounds_type":0,"crop_bottom":0,"crop_left":0,"crop_right":0,"crop_top":0,"group_item_backup":true,"hide_transition":{"duration":0},"id":9,"locked":false,"name":"1 MicroCasqueUSB","pos":{"x":0.0,"y":0.0},"private_settings":{},"rot":0.0,"scale":{"x":1.0,"y":1.0},"scale_filter":"disable","show_transition":{"duration":0},"visible":true},{"align":5,"blend_method":"default","blend_type":"normal","bounds":{"x":0.0,"y":0.0},"bounds_align":0,"bounds_type":0,"crop_bottom":0,"crop_left":0,"crop_right":0,"crop_top":0,"group_item_backup":false,"hide_transition":{"duration":0},"id":8,"locked":true,"name":"Sound","pos":{"x":0.0,"y":0.0},"private_settings":{"collapsed":true,"color":"","color-preset":4},"rot":0.0,"scale":{"x":1.0,"y":1.0},"scale_filter":"disable","show_transition":{"duration":0},"visible":true},{"align":5,"blend_method":"default","blend_type":"normal","bounds":{"x":0.0,"y":0.0},"bounds_align":0,"bounds_type":0,"crop_bottom":0,"crop_left":0,"crop_right":0,"crop_top":0,"group_item_backup":true,"hide_transition":{"duration":0},"id":2,"locked":true,"name":"Pexels_Videos_2646392.mp4","pos":{"x":0.0,"y":0.0},"private_settings":{},"rot":0.0,"scale":{"x":1.0,"y":1.0},"scale_filter":"disable","show_transition":{"duration":0},"visible":true},{"align":5,"blend_method":"default","blend_type":"normal","bounds":{"x":1920.0,"y":1080.0},"bounds_align":0,"bounds_type":1,"crop_bottom":0,"crop_left":0,"crop_right":0,"crop_top":0,"group_item_backup":true,"hide_transition":{"duration":0},"id":11,"locked":false,"name":"WebCam-unity","pos":{"x":0.0,"y":-53.0},"private_settings":{"color":"","color-preset":7},"rot":0.0,"scale":{"x":1.0,"y":1.0},"scale_filter":"disable","show_transition":{"duration":0},"visible":true},{"align":5,"blend_method":"default","blend_type":"normal","bounds":{"x":0.0,"y":0.0},"bounds_align":0,"bounds_type":0,"crop_bottom":0,"crop_left":0,"crop_right":0,"crop_top":0,"group_item_backup":true,"hide_transition":{"duration":0},"id":5,"locked":true,"name":"UnityLogo.png","pos":{"x":1519.500244140625,"y":0.0},"private_settings":{},"rot":0.0,"scale":{"x":0.53565216064453125,"y":0.53496503829956055},"scale_filter":"disable","show_transition":{"duration":0},"visible":true},{"align":5,"blend_method":"default","blend_type":"normal","bounds":{"x":0.0,"y":0.0},"bounds_align":0,"bounds_type":0,"crop_bottom":0,"crop_left":0,"crop_right":0,"crop_top":0,"group_item_backup":true,"hide_transition":{"duration":0},"id":1,"locked":true,"name":"windows.png","pos":{"x":0.0,"y":0.0},"private_settings":{},"rot":0.0,"scale":{"x":1.5,"y":1.5},"scale_filter":"disable","show_transition":{"duration":0},"visible":true},{"align":5,"blend_method":"default","blend_type":"normal","bounds":{"x":0.0,"y":0.0},"bounds_align":0,"bounds_type":0,"crop_bottom":0,"crop_left":0,"crop_right":0,"crop_top":0,"group_item_backup":true,"hide_transition":{"duration":0},"id":6,"locked":true,"name":"Unitytitle.png","pos":{"x":575.0,"y":-53.0},"private_settings":{},"rot":0.0,"scale":{"x":1.0,"y":1.0},"scale_filter":"disable","show_transition":{"duration":0},"visible":true},{"align":5,"blend_method":"default","blend_type":"normal","bounds":{"x":0.0,"y":0.0},"bounds_align":0,"bounds_type":0,"crop_bottom":0,"crop_left":0,"crop_right":0,"crop_top":0,"group_item_backup":true,"hide_transition":{"duration":0},"id":7,"locked":true,"name":"Twitch - Personnage","pos":{"x":572.4276123046875,"y":979.6666259765625},"private_settings":{"color":"","color-preset":3},"rot":0.0,"scale":{"x":0.33397018909454346,"y":0.3333333432674408},"scale_filter":"disable","show_transition":{"duration":0},"visible":true},{"align":5,"blend_method":"default","blend_type":"normal","bounds":{"x":1.0,"y":1.0},"bounds_align":0,"bounds_type":0,"crop_bottom":0,"crop_left":0,"crop_right":0,"crop_top":0,"group_item_backup":true,"hide_transition":{"duration":0},"id":14,"locked":true,"name":"Hat","pos":{"x":837.0,"y":970.5714111328125},"private_settings":{},"rot":-11.699999809265137,"scale":{"x":6.5757570266723633,"y":6.5714306831359863},"scale_filter":"disable","show_transition":{"duration":0},"visible":true},{"align":5,"blend_method":"default","blend_type":"normal","bounds":{"x":0.0,"y":0.0},"bounds_align":0,"bounds_type":0,"crop_bottom":0,"crop_left":0,"crop_right":0,"crop_top":0,"group_item_backup":true,"hide_transition":{"duration":0},"id":13,"locked":true,"name":"Heures","pos":{"x":168.0,"y":-5.0},"private_settings":{},"rot":0.0,"scale":{"x":1.8222222328186035,"y":1.8214285373687744},"scale_filter":"disable","show_transition":{"duration":0},"visible":true},{"align":5,"blend_method":"default","blend_type":"normal","bounds":{"x":0.0,"y":0.0},"bounds_align":0,"bounds_type":0,"crop_bottom":0,"crop_left":0,"crop_right":0,"crop_top":0,"group_item_backup":false,"hide_transition":{"duration":0},"id":12,"locked":false,"name":"Images","pos":{"x":0.0,"y":-53.0},"private_settings":{"collapsed":false,"color":"","color-preset":5},"rot":0.0,"scale":{"x":1.0,"y":1.0},"scale_filter":"disable","show_transition":{"duration":0},"visible":true}]},"sync":0,"versioned_id":"scene","volume":1.0}]}